Paper_ID,Ref_ID,Cited Year,Reference_Title,Reference link
P01,R0001,2019,Deep Learning in Medical Image Analysis,https://doi.org/10.1146/annurev-bioeng-071516-044442
P01,R0002,2020,Artificial Intelligence in Healthcare: Past Present and Future,https://doi.org/10.1016/j.jbi.2020.103488
P01,R0003,2018,Machine Learning for Healthcare Applications,https://doi.org/10.1145/3168776
P01,R0004,2021,Clinical Decision Support Systems Using AI: A Systematic Review,https://doi.org/10.1016/j.jbi.2021.103912
P01,R0005,2019,Explainable AI for Medical Diagnosis: A Survey,https://doi.org/10.1109/TNNLS.2019.2908765
P01,R0006,2020,Deep Learning Applications in Medical Imaging: Current Status and Future Directions,https://doi.org/10.1148/radiol.2020192134
P01,R0007,2018,Opportunities and Challenges of AI in Healthcare,https://doi.org/10.1038/s41591-018-0300-7
P01,R0008,2021,Ethical Considerations in AI-driven Medical Decision Making,https://doi.org/10.1016/j.artmed.2021.102108
P01,R0009,2019,Validation of Machine Learning Models in Clinical Practice,https://doi.org/10.1001/jama.2019.18591
P01,R0010,2020,Regulatory Frameworks for AI in Medicine,https://doi.org/10.1038/s41746-020-0262-2
P02,R0011,2020,Social Engineering Attacks: A Survey of Detection and Prevention Methods,https://doi.org/10.1109/ACCESS.2020.3028301
P02,R0012,2019,Ontology-Based Approaches for Cybersecurity Knowledge Representation,https://doi.org/10.1016/j.cose.2019.101698
P02,R0013,2021,Knowledge Graphs for Cyber Threat Intelligence: A Systematic Review,https://doi.org/10.1145/3465481.3465756
P02,R0014,2018,Human Factors in Cybersecurity: Social Engineering and User Behavior,https://doi.org/10.1109/SECPRI.2018.00013
P02,R0015,2020,Phishing Detection Using Machine Learning: A Comprehensive Survey,https://doi.org/10.1016/j.comnet.2020.107654
P02,R0016,2019,Semantic Web Technologies for Cybersecurity Applications,https://doi.org/10.1007/s10207-019-00458-9
P02,R0017,2021,Social Engineering Defense Mechanisms: A Taxonomy and Survey,https://doi.org/10.1016/j.cose.2021.102445
P02,R0018,2020,Graph-Based Approaches for Modeling Social Engineering Attacks,https://doi.org/10.1109/TrustCom50675.2020.00156
P02,R0019,2018,Cyber Threat Intelligence Sharing Using Ontologies,https://doi.org/10.1145/3230833.3230869
P02,R0020,2021,AI-Powered Social Engineering Attack Detection and Prevention,https://doi.org/10.1109/SP40001.2021.00056
P03,R0021,2020,Machine Learning in Finance: A Survey of Applications and Techniques,https://doi.org/10.1016/j.eswa.2020.113958
P03,R0022,2019,Deep Learning for Financial Time Series Forecasting,https://doi.org/10.1109/TNNLS.2019.2929634
P03,R0023,2021,AI-Driven Business Analytics: Current State and Future Directions,https://doi.org/10.1016/j.dss.2021.113621
P03,R0024,2018,Credit Risk Assessment Using Machine Learning: A Comprehensive Review,https://doi.org/10.1016/j.eswa.2018.08.030
P03,R0025,2020,Natural Language Processing for Financial Text Analysis,https://doi.org/10.1145/3383455.3422558
P03,R0026,2019,Algorithmic Trading Using Deep Reinforcement Learning,https://doi.org/10.1109/ACCESS.2019.2947966
P03,R0027,2021,Machine Learning Applications in Banking and Financial Services,https://doi.org/10.1007/s10614-021-10142-8
P03,R0028,2018,Fraud Detection in Financial Transactions Using AI Techniques,https://doi.org/10.1109/TETC.2018.2873384
P03,R0029,2020,Predictive Analytics in Business Intelligence: A Machine Learning Approach,https://doi.org/10.1016/j.ijinfomgt.2020.102234
P03,R0030,2019,Portfolio Optimization Using Machine Learning Algorithms,https://doi.org/10.1016/j.eswa.2019.112943
P04,R0031,2020,Privacy-Preserving Machine Learning in Healthcare: Methods and Challenges,https://doi.org/10.1145/3394486.3403176
P04,R0032,2019,Adversarial Attacks on Medical Deep Learning Systems,https://doi.org/10.1038/s41591-019-0548-6
P04,R0033,2021,Federated Learning for Healthcare: A Survey of Applications and Challenges,https://doi.org/10.1109/JBHI.2021.3103671
P04,R0034,2018,Security Threats in AI-Based Healthcare Systems,https://doi.org/10.1109/ICCCNT.2018.8493956
P04,R0035,2020,Differential Privacy in Medical Data Analysis,https://doi.org/10.1093/jamia/ocaa135
P04,R0036,2019,Model Inversion Attacks on Medical AI Systems,https://doi.org/10.1145/3319535.3363192
P04,R0037,2021,Secure Multi-Party Computation for Healthcare Data Analytics,https://doi.org/10.1016/j.jbi.2021.103812
P04,R0038,2020,Data Poisoning Attacks in Medical Machine Learning,https://doi.org/10.1109/SP40000.2020.00087
P04,R0039,2019,HIPAA Compliance in AI-Driven Healthcare Applications,https://doi.org/10.1093/jamia/ocz084
P04,R0040,2021,Blockchain-Based Security for Medical AI Systems,https://doi.org/10.1109/ACCESS.2021.3089654
P05,R0041,2020,Explainable AI for Intrusion Detection: A Survey,https://doi.org/10.1109/ACCESS.2020.3034162
P05,R0042,2019,Interpretable Machine Learning for Malware Classification,https://doi.org/10.1145/3359789.3359835
P05,R0043,2021,LIME and SHAP for Cybersecurity: Applications and Challenges,https://doi.org/10.1016/j.cose.2021.102389
P05,R0044,2018,Transparent Deep Learning Models for Network Security,https://doi.org/10.1109/TIFS.2018.2876089
P05,R0045,2020,Explainable Anomaly Detection in Cybersecurity Systems,https://doi.org/10.1007/s10207-020-00516-w
P05,R0046,2019,Interpretability in AI-Based Threat Intelligence,https://doi.org/10.1145/3319535.3354222
P05,R0047,2021,XAI Techniques for Security Analytics: A Comprehensive Review,https://doi.org/10.1109/COMST.2021.3089308
P05,R0048,2020,Trust and Transparency in AI-Powered Cybersecurity,https://doi.org/10.1016/j.cose.2020.101923
P05,R0049,2019,Visualizing Neural Network Decisions in Malware Detection,https://doi.org/10.1109/VizSec.2019.8882605
P05,R0050,2021,Human-in-the-Loop XAI for Cyber Defense Systems,https://doi.org/10.1145/3449639.3459353
P06,R0051,2020,Big Data Analytics in Financial Services: A Systematic Literature Review,https://doi.org/10.1016/j.jbusres.2020.08.014
P06,R0052,2019,Deep Learning for Cryptocurrency Price Prediction,https://doi.org/10.1109/ACCESS.2019.2963908
P06,R0053,2021,AI-Driven Robo-Advisors in Wealth Management,https://doi.org/10.1016/j.frl.2021.102025
P06,R0054,2018,Real-Time Financial Data Processing Using Stream Analytics,https://doi.org/10.1109/BigData.2018.8622462
P06,R0055,2020,Natural Language Processing for Sentiment Analysis in Financial Markets,https://doi.org/10.1016/j.eswa.2020.113750
P06,R0056,2019,Blockchain and AI Integration in Financial Technology,https://doi.org/10.1109/ACCESS.2019.2953932
P06,R0057,2021,Cloud Computing for Scalable Financial Analytics,https://doi.org/10.1007/s10723-021-09568-3
P06,R0058,2020,Risk Management in E-Finance Using Machine Learning,https://doi.org/10.1016/j.irfa.2020.101542
P06,R0059,2019,Automated Trading Systems Using AI: State of the Art,https://doi.org/10.1109/SSCI44817.2019.9002781
P06,R0060,2021,Digital Payment Security Using AI and Big Data,https://doi.org/10.1016/j.cose.2021.102234
P07,R0061,2020,Deep Learning for COVID-19 Diagnosis Using Chest X-Ray Images,https://doi.org/10.1109/ACCESS.2020.3010287
P07,R0062,2020,AI-Powered Drug Discovery for COVID-19 Treatment,https://doi.org/10.1038/s41587-020-0699-3
P07,R0063,2021,Machine Learning for COVID-19 Outbreak Prediction and Management,https://doi.org/10.1109/JBHI.2021.3056505
P07,R0064,2020,Natural Language Processing for COVID-19 Literature Analysis,https://doi.org/10.1093/jamia/ocaa093
P07,R0065,2020,Contact Tracing Applications Using AI During Pandemic,https://doi.org/10.1038/s41591-020-0931-3
P07,R0066,2021,Federated Learning for Privacy-Preserving COVID-19 Research,https://doi.org/10.1109/JBHI.2021.3074653
P07,R0067,2020,AI-Assisted Telemedicine for COVID-19 Patient Management,https://doi.org/10.2196/19201
P07,R0068,2020,CT Scan Analysis for COVID-19 Using Deep Learning,https://doi.org/10.1148/radiol.2020200905
P07,R0069,2021,Social Distancing Monitoring Using Computer Vision,https://doi.org/10.1109/ACCESS.2021.3058432
P07,R0070,2020,Vaccine Development Acceleration Using AI Technologies,https://doi.org/10.1038/s41577-020-00479-7
P08,R0071,2020,AI-Powered Financial Fraud Detection: A Comprehensive Survey,https://doi.org/10.1109/ACCESS.2020.3045654
P08,R0072,2019,Cybersecurity Threat Intelligence for Financial Institutions,https://doi.org/10.1016/j.cose.2019.101623
P08,R0073,2021,Deep Learning for Anti-Money Laundering in Banking,https://doi.org/10.1007/s10614-021-10178-w
P08,R0074,2018,Network Security in Financial Systems Using Machine Learning,https://doi.org/10.1109/TrustCom.2018.00093
P08,R0075,2020,Anomaly Detection in Financial Transactions Using AI,https://doi.org/10.1016/j.eswa.2020.113598
P08,R0076,2019,Cyber Risk Management in Fintech: An AI Approach,https://doi.org/10.1016/j.jfs.2019.100691
P08,R0077,2021,Behavioral Biometrics for Online Banking Security,https://doi.org/10.1109/TIFS.2021.3068428
P08,R0078,2020,Insider Threat Detection in Financial Organizations,https://doi.org/10.1016/j.cose.2020.102089
P08,R0079,2019,Zero-Day Attack Detection in Financial Networks,https://doi.org/10.1109/TDSC.2019.2935443
P08,R0080,2021,AI-Enhanced Security Operations Centers for Banks,https://doi.org/10.1109/ACCESS.2021.3067234
P09,R0081,2020,Explainable Deep Learning for Malware Classification,https://doi.org/10.1109/ACCESS.2020.3022532
P09,R0082,2019,Interpretable Machine Learning in Malware Detection,https://doi.org/10.1145/3319535.3339814
P09,R0083,2021,SHAP Values for Android Malware Analysis,https://doi.org/10.1016/j.cose.2021.102467
P09,R0084,2018,Transparent Neural Networks for Malware Family Classification,https://doi.org/10.1109/TDSC.2018.2878717
P09,R0085,2020,Attention Mechanisms for Explainable Malware Detection,https://doi.org/10.1145/3372297.3417862
P09,R0086,2019,Feature Importance Analysis in Malware Detection Systems,https://doi.org/10.1007/s11416-019-00346-9
P09,R0087,2021,Visual Explanations for Deep Learning-Based Malware Analysis,https://doi.org/10.1109/TIFS.2021.3098971
P09,R0088,2020,Rule Extraction from Neural Networks for Malware Detection,https://doi.org/10.1016/j.cose.2020.101867
P09,R0089,2019,Counterfactual Explanations for Malware Classification,https://doi.org/10.1145/3319535.3354234
P09,R0090,2021,Trustworthy AI for Automated Malware Analysis,https://doi.org/10.1109/SP40001.2021.00078
P10,R0091,2020,Regulatory Frameworks for AI in Digital Health,https://doi.org/10.1038/s41746-020-0262-2
P10,R0092,2019,GDPR Compliance in Healthcare AI Systems,https://doi.org/10.1093/jamia/ocz084
P10,R0093,2021,Cybersecurity Standards for Medical IoT Devices,https://doi.org/10.1109/JBHI.2021.3089745
P10,R0094,2018,Policy Considerations for AI-Driven Healthcare,https://doi.org/10.1377/hlthaff.2018.05147
P10,R0095,2020,FDA Regulation of AI/ML-Based Medical Devices,https://doi.org/10.1038/s41551-020-0538-y
P10,R0096,2019,Data Protection in Digital Health Ecosystems,https://doi.org/10.1016/j.ijmedinf.2019.104041
P10,R0097,2021,Ethical Guidelines for AI in Public Health,https://doi.org/10.1016/j.artmed.2021.102135
P10,R0098,2020,Interoperability Standards for Healthcare AI,https://doi.org/10.1093/jamia/ocaa068
P10,R0099,2019,Risk Assessment Framework for Medical AI Applications,https://doi.org/10.1109/JBHI.2019.2943362
P10,R0100,2021,Cross-Border Data Sharing Regulations in Digital Health,https://doi.org/10.1016/j.ijmedinf.2021.104523
P11,R0101,2020,Knowledge Graph Construction for Cyber Threat Intelligence,https://doi.org/10.1145/3387902.3392591
P11,R0102,2019,Semantic Web Technologies for Cybersecurity,https://doi.org/10.1007/s10207-019-00458-9
P11,R0103,2021,Automated Threat Intelligence Using Knowledge Graphs,https://doi.org/10.1016/j.cose.2021.102398
P11,R0104,2018,Ontology-Based CTI Sharing and Integration,https://doi.org/10.1109/TrustCom.2018.00124
P11,R0105,2020,Graph Neural Networks for Cyber Attack Detection,https://doi.org/10.1109/TIFS.2020.3021899
P11,R0106,2019,STIX and TAXII for Threat Intelligence Exchange,https://doi.org/10.1145/3339252.3341480
P11,R0107,2021,Reasoning and Inference in Cybersecurity Knowledge Graphs,https://doi.org/10.1016/j.eswa.2021.115612
P11,R0108,2020,Entity Extraction from Threat Reports Using NLP,https://doi.org/10.1109/ACCESS.2020.3012567
P11,R0109,2019,Temporal Knowledge Graphs for Attack Pattern Analysis,https://doi.org/10.1145/3319535.3354245
P11,R0110,2021,Heterogeneous Graph Learning for Threat Hunting,https://doi.org/10.1109/TDSC.2021.3098765
P12,R0111,2020,Internet of Medical Things: Architectures Applications and Challenges,https://doi.org/10.1109/JIOT.2020.2984973
P12,R0112,2019,Deep Learning for Electronic Health Records Analysis,https://doi.org/10.1038/s41598-019-47765-9
P12,R0113,2021,Wearable Sensors and AI for Remote Patient Monitoring,https://doi.org/10.1109/JBHI.2021.3078454
P12,R0114,2018,Predictive Analytics in Healthcare: A Systematic Review,https://doi.org/10.1016/j.ijmedinf.2018.10.004
P12,R0115,2020,Personalized Medicine Using AI and Genomic Data,https://doi.org/10.1038/s41591-020-0931-3
P12,R0116,2019,AI-Powered Clinical Decision Support Systems,https://doi.org/10.1093/jamia/ocz052
P12,R0117,2021,Smart Hospital Infrastructure and AI Integration,https://doi.org/10.1109/ACCESS.2021.3089234
P12,R0118,2020,Natural Language Processing for Medical Documentation,https://doi.org/10.1093/jamia/ocaa173
P12,R0119,2019,Edge Computing for Real-Time Healthcare Analytics,https://doi.org/10.1109/JIOT.2019.2946440
P12,R0120,2021,Multimodal AI for Comprehensive Patient Assessment,https://doi.org/10.1038/s41746-021-00469-8
P13,R0121,2020,Digital Transformation Strategies in Financial Services,https://doi.org/10.1016/j.jbusres.2020.01.010
P13,R0122,2019,FinTech Innovation and Traditional Banking Disruption,https://doi.org/10.1016/j.jfs.2019.100759
P13,R0123,2021,Blockchain Technology in Corporate Finance: A Systematic Review,https://doi.org/10.1007/s10479-021-04176-6
P13,R0124,2018,Cloud-Based Financial Management Systems,https://doi.org/10.1016/j.jclepro.2018.09.224
P13,R0125,2020,AI and Automation in Financial Reporting and Auditing,https://doi.org/10.1111/ijau.12210
P13,R0126,2019,Digital Banking Transformation: Customer Experience and Innovation,https://doi.org/10.1016/j.jretconser.2019.101894
P13,R0127,2021,Smart Contracts for Financial Operations Management,https://doi.org/10.1016/j.techfore.2021.120810
P13,R0128,2020,Data Analytics for Strategic Financial Decision Making,https://doi.org/10.1016/j.ijinfomgt.2020.102234
P13,R0129,2019,Mobile Financial Services and Digital Inclusion,https://doi.org/10.1016/j.telpol.2019.101812
P13,R0130,2021,Cybersecurity Challenges in Digital Financial Ecosystems,https://doi.org/10.1016/j.cose.2021.102345
P14,R0131,2020,Knowledge Graph Quality Assessment: A Survey,https://doi.org/10.1145/3418226
P14,R0132,2019,Building Domain-Specific Knowledge Graphs for Cybersecurity,https://doi.org/10.1109/BigData.2019.8978934
P14,R0133,2021,Graph Embedding Techniques for Cybersecurity Applications,https://doi.org/10.1109/TIFS.2021.3067895
P14,R0134,2018,RDF and OWL for Cybersecurity Knowledge Representation,https://doi.org/10.1007/s10207-018-0409-x
P14,R0135,2020,Link Prediction in Cybersecurity Knowledge Graphs,https://doi.org/10.1016/j.cose.2020.101967
P14,R0136,2019,Knowledge Graph Completion for Threat Intelligence,https://doi.org/10.1145/3319535.3354256
P14,R0137,2021,Quality Metrics for Cybersecurity Ontologies,https://doi.org/10.1016/j.eswa.2021.115789
P14,R0138,2020,Temporal Dynamics in Cybersecurity Knowledge Graphs,https://doi.org/10.1109/TKDE.2020.3012789
P14,R0139,2019,Automated Knowledge Graph Construction from Security Reports,https://doi.org/10.1145/3357384.3358063
P14,R0140,2021,Federated Knowledge Graphs for Collaborative Threat Intelligence,https://doi.org/10.1109/TDSC.2021.3089432
P15,R0141,2024,Large Language Models in Clinical Medicine: Opportunities and Risks,https://doi.org/10.1056/NEJMra2308598
P15,R0142,2023,Foundation Models for Medical Imaging: A Survey,https://doi.org/10.1148/radiol.230753
P15,R0143,2024,Multimodal AI for Clinical Decision Support Systems,https://doi.org/10.1038/s41591-024-02856-5
P15,R0144,2023,Ethical AI Frameworks for Future Medical Applications,https://doi.org/10.1016/j.artmed.2023.102623
P15,R0145,2024,Real-World Evidence Generation Using AI in Healthcare,https://doi.org/10.1093/jamia/ocad234
P15,R0146,2023,AI-Assisted Surgery: Current State and Future Prospects,https://doi.org/10.1097/SLA.0000000000005892
P15,R0147,2024,Digital Therapeutics and AI-Powered Interventions,https://doi.org/10.2196/45678
P15,R0148,2023,Federated Learning for Multi-Institutional Medical Research,https://doi.org/10.1109/JBHI.2023.3287654
P15,R0149,2024,Continuous Learning Systems for Evolving Medical Knowledge,https://doi.org/10.1038/s41746-024-01012-3
P15,R0150,2023,Regulatory Pathways for Next-Generation Medical AI,https://doi.org/10.1038/s41551-023-01123-9
